{
  "config": "config_snr0_kin.yaml",
  "backbone": "mamba3",
  "lambda_kin": 0.01,
  "noise_snr_db": 0.0,
  "label_mode": "4class",
  "seeds": [
    0,
    1,
    2,
    3,
    4
  ],
  "best_val_accs": [
    0.9983007646559049,
    0.9974511469838573,
    0.9983007646559049,
    0.9966015293118097,
    1.0
  ],
  "mean_best_val_acc": 0.9981308411214954,
  "std_best_val_acc": 0.0012601866588098022
}