{
  "config": "config_kin.yaml",
  "lambda_kin": 0.01,
  "noise_snr_db": null,
  "seeds": [
    0,
    1,
    2,
    3,
    4
  ],
  "best_val_accs": [
    0.9529289906778685,
    0.9486707331108298,
    0.9578777764990217,
    0.9581079525837265,
    0.9676602600989758
  ],
  "mean_best_val_acc": 0.9570491425940846,
  "std_best_val_acc": 0.007098889432984871
}