{
  "config": "config_bm2_nokin.yaml",
  "lambda_kin": 0.0,
  "noise_snr_db": null,
  "seeds": [
    0,
    1,
    2,
    3,
    4
  ],
  "best_val_accs": [
    0.9543100471860974,
    0.9587984808378409,
    0.9585683047531361,
    0.9545402232708021,
    0.9539647830590402
  ],
  "mean_best_val_acc": 0.9560363678213832,
  "std_best_val_acc": 0.0024264206056287185
}