{
  "config": "config_snr0_nokin.yaml",
  "backbone": "mamba3",
  "lambda_kin": 0.0,
  "noise_snr_db": 0.0,
  "label_mode": "4class",
  "seeds": [
    0,
    1,
    2,
    3,
    4
  ],
  "best_val_accs": [
    0.9974511469838573,
    0.9949022939677146,
    0.9991503823279524,
    0.9957519116397621,
    1.0
  ],
  "mean_best_val_acc": 0.9974511469838573,
  "std_best_val_acc": 0.0021661085444319296
}