{
  "config": "config_transformer1d_snr-2.yaml",
  "backbone": "transformer1d",
  "lambda_kin": 0.0,
  "noise_snr_db": -2.0,
  "label_mode": "4class",
  "seeds": [
    4
  ],
  "best_val_accs": [
    0.9915038232795242,
    0.9889549702633815,
    0.9906542056074766,
    0.9872557349192863,
    0.994052676295667
  ],
  "mean_best_val_acc": 0.9904842820730672,
  "std_best_val_acc": 0.0025770179928807334
}