{
  "config": "config_snr-6.yaml",
  "backbone": "mamba3",
  "lambda_kin": 0.01,
  "noise_snr_db": -6.0,
  "label_mode": "4class",
  "seeds": [
    0,
    1,
    2,
    3,
    4
  ],
  "best_val_accs": [
    0.8963466440101954,
    0.8793542905692439,
    0.923534409515718,
    0.9005947323704333,
    0.9014443500424809
  ],
  "mean_best_val_acc": 0.9002548853016142,
  "std_best_val_acc": 0.01577637300042164
}