{
  "config": "config.yaml",
  "lambda_kin": 0.0,
  "noise_snr_db": null,
  "seeds": [
    0,
    1,
    2,
    3,
    4
  ],
  "best_val_accs": [
    0.970307285073081,
    0.968580964437795,
    0.9689262285648521,
    0.9676602600989758,
    0.9648981470825181
  ],
  "mean_best_val_acc": 0.9680745770514443,
  "std_best_val_acc": 0.0020142051459459695
}