{
  "config": "config_kin_snrm4.yaml",
  "lambda_kin": 0.01,
  "noise_snr_db": -4.0,
  "seeds": [
    0,
    1,
    2,
    3,
    4
  ],
  "best_val_accs": [
    0.8425595580619174,
    0.834963747266659,
    0.845321671078375,
    0.845897111290137,
    0.8566002992289101
  ],
  "mean_best_val_acc": 0.8450684773851996,
  "std_best_val_acc": 0.007780326200890213
}