{
  "mode": "cross",
  "config": "exp_xjtu_cross_kin",
  "lambda_kin": 0.01,
  "train_condition": "37.5Hz11kN",
  "test_condition": "40Hz10kN",
  "seeds": [
    0,
    1,
    2,
    3,
    4
  ],
  "macro_f1s": [
    0.7240037234456631,
    0.8907587529069946,
    0.7125134979442577,
    0.8739508115992298,
    0.7854224526322287
  ],
  "macro_recalls": [
    0.7026949541284404,
    0.868860227891584,
    0.6932339449541285,
    0.8466169724770642,
    0.7568807339449541
  ],
  "mean_macro_f1": 0.7973298477056747,
  "std_macro_f1": 0.08263179197254454,
  "mean_macro_recall": 0.7736573666792342,
  "std_macro_recall": 0.08088840309972882
}