{
  "config": "tmp68vv53_8.yaml",
  "backbone": "mamba3",
  "lambda_kin": 0.01,
  "noise_snr_db": -6.0,
  "label_mode": "4class",
  "seeds": [
    0,
    1,
    2,
    3,
    4
  ],
  "best_val_accs": [
    0.9464740866610025,
    0.9498725573491928,
    0.9549702633814783,
    0.9337298215802888,
    0.9388275276125744
  ],
  "mean_best_val_acc": 0.9447748513169074,
  "std_best_val_acc": 0.008517390677894388
}