{
  "config": "config_snr-4.yaml",
  "backbone": "mamba3",
  "lambda_kin": 0.01,
  "noise_snr_db": -4.0,
  "label_mode": "4class",
  "seeds": [
    0,
    1,
    2,
    3,
    4
  ],
  "best_val_accs": [
    0.9685641461342396,
    0.9498725573491928,
    0.9694137638062872,
    0.9362786745964317,
    0.9532710280373832
  ],
  "mean_best_val_acc": 0.9554800339847069,
  "std_best_val_acc": 0.013877666602613692
}