{
  "mode": "lobo",
  "config": "exp_xjtu_lobo_nokin",
  "lambda_kin": 0.0,
  "lobo_bearings": [
    "Bearing3_1",
    "Bearing3_3",
    "Bearing3_4",
    "Bearing3_5"
  ],
  "seeds": [
    0,
    1,
    2,
    3,
    4
  ],
  "per_seed_macro_recall": [
    0.9020166657754705,
    0.8849425097383448,
    0.9239570573023003,
    0.9674243961740134,
    0.8673948550428746
  ],
  "mean_macro_recall": 0.9091470968066007,
  "std_macro_recall": 0.03871541464834888
}