{
  "config": "config_nokin_snrm4.yaml",
  "lambda_kin": 0.0,
  "noise_snr_db": -4.0,
  "seeds": [
    0,
    1,
    2,
    3,
    4
  ],
  "best_val_accs": [
    0.8467027275866037,
    0.8339279548854874,
    0.8456669352054321,
    0.845897111290137,
    0.8507308090689377
  ],
  "mean_best_val_acc": 0.8445851076073196,
  "std_best_val_acc": 0.006299217601897425
}