{
  "config": "config_transformer1d_snr-4.yaml",
  "backbone": "transformer1d",
  "lambda_kin": 0.0,
  "noise_snr_db": -4.0,
  "label_mode": "4class",
  "seeds": [
    4
  ],
  "best_val_accs": [
    0.9711129991503823,
    0.9626168224299065,
    0.9668649107901445,
    0.9345794392523364,
    0.9575191163976211
  ],
  "mean_best_val_acc": 0.9585386576040781,
  "std_best_val_acc": 0.01431044718104849
}