{
  "mode": "cross",
  "config": "exp_mext_e13_1dcnn_xjtu_cross",
  "lambda_kin": 0.0,
  "train_condition": "37.5Hz11kN",
  "test_condition": "40Hz10kN",
  "seeds": [
    0,
    1,
    2,
    3,
    4
  ],
  "macro_f1s": [
    0.4089706904394937,
    0.41685020846849674,
    0.41925357442210887,
    0.4040688641338081,
    0.4161709425494153
  ],
  "macro_recalls": [
    0.5040137614678899,
    0.5077408256880734,
    0.5088876146788991,
    0.5017201834862385,
    0.5073114343764401
  ],
  "mean_macro_f1": 0.4130628560026645,
  "std_macro_f1": 0.0063239019593294326,
  "mean_macro_recall": 0.5059347639395082,
  "std_macro_recall": 0.0029719247514750848
}