{
  "mode": "cross",
  "config": "exp_xjtu_cross_dual_kin",
  "lambda_kin": 0.01,
  "train_condition": "37.5Hz11kN",
  "test_condition": "40Hz10kN",
  "seeds": [
    0,
    1,
    2,
    3,
    4
  ],
  "macro_f1s": [
    0.872379180149255,
    0.9888229203528225,
    0.9333712155525726,
    0.9800050810907386,
    0.964349350998976
  ],
  "macro_recalls": [
    0.8448967889908257,
    0.9882598131624146,
    0.9151376146788991,
    0.9845707134179549,
    0.9535550458715596
  ],
  "mean_macro_f1": 0.947785549628873,
  "std_macro_f1": 0.04714450419811704,
  "mean_macro_recall": 0.9372839952243307,
  "std_macro_recall": 0.05942468524956582
}