{
  "config": "config_lk1p0.yaml",
  "backbone": "mamba3",
  "lambda_kin": 1.0,
  "noise_snr_db": 0.0,
  "label_mode": "4class",
  "seeds": [
    0,
    1,
    2,
    3,
    4
  ],
  "best_val_accs": [
    0.9974511469838573,
    0.9957519116397621,
    1.0,
    0.9991503823279524,
    1.0
  ],
  "mean_best_val_acc": 0.9984706881903144,
  "std_best_val_acc": 0.0018419272207883528
}