{
  "config": "config_kin_snr0.yaml",
  "lambda_kin": 0.01,
  "noise_snr_db": 0.0,
  "seeds": [
    0,
    1,
    2,
    3,
    4
  ],
  "best_val_accs": [
    0.8900909195534584,
    0.893428472781678,
    0.8961905857981356,
    0.8843365174358384,
    0.8900909195534584
  ],
  "mean_best_val_acc": 0.8908274830245138,
  "std_best_val_acc": 0.004436938833375366
}