{
  "config": "config_snr-2.yaml",
  "backbone": "mamba3",
  "lambda_kin": 0.01,
  "noise_snr_db": -2.0,
  "label_mode": "4class",
  "seeds": [
    0,
    1,
    2,
    3,
    4
  ],
  "best_val_accs": [
    0.9923534409515717,
    0.9906542056074766,
    0.9779099405267629,
    0.9762107051826678,
    0.9796091758708582
  ],
  "mean_best_val_acc": 0.9833474936278674,
  "std_best_val_acc": 0.007565891881357045
}