{
  "config": "config_snr-4.yaml",
  "backbone": "mamba2",
  "lambda_kin": 0.0,
  "noise_snr_db": -4.0,
  "label_mode": "4class",
  "seeds": [
    0,
    1,
    2,
    3,
    4
  ],
  "best_val_accs": [
    0.9932030586236194,
    0.9804587935429057,
    0.9923534409515717,
    0.989804587935429,
    0.9847068819031436
  ],
  "mean_best_val_acc": 0.9881053525913339,
  "std_best_val_acc": 0.005406933755886932
}