{
  "config": "config_snr0.yaml",
  "backbone": "cnn1d_nobn",
  "lambda_kin": 0.0,
  "noise_snr_db": 0.0,
  "label_mode": "4class",
  "seeds": [
    0,
    1,
    2,
    3,
    4
  ],
  "best_val_accs": [
    0.9991503823279524,
    0.9957519116397621,
    0.9932030586236194,
    0.9966015293118097,
    0.9915038232795242
  ],
  "mean_best_val_acc": 0.9952421410365335,
  "std_best_val_acc": 0.002979724369881066
}