{
  "config": "config_snr5_nokin.yaml",
  "backbone": "mamba3",
  "lambda_kin": 0.0,
  "noise_snr_db": 5.0,
  "label_mode": "4class",
  "seeds": [
    0,
    1,
    2,
    3,
    4
  ],
  "best_val_accs": [
    0.9991503823279524,
    1.0,
    1.0,
    1.0,
    1.0
  ],
  "mean_best_val_acc": 0.9998300764655905,
  "std_best_val_acc": 0.00037996057391671535
}