{
  "mode": "cross",
  "config": "exp_mext_e23_bm3bn_xjtu_cross",
  "lambda_kin": 0.0,
  "train_condition": "37.5Hz11kN",
  "test_condition": "40Hz10kN",
  "seeds": [
    0,
    1,
    2,
    3,
    4
  ],
  "macro_f1s": [
    0.4725007668871529,
    0.4854765422051595,
    0.4138321015905633,
    0.5846349692998816,
    0.5405972716110112
  ],
  "macro_recalls": [
    0.5355504587155964,
    0.5424311926605505,
    0.5063073394495413,
    0.6006307339449541,
    0.5731117255246952
  ],
  "mean_macro_f1": 0.4994083303187537,
  "std_macro_f1": 0.0655772664305318,
  "mean_macro_recall": 0.5516062900590676,
  "std_macro_recall": 0.03626240102231678
}