{
  "-8": {
    "single_nokin": [
      0.8581138487680544,
      0.8088360237892949,
      0.8878504672897196,
      0.8666100254885302,
      0.8513169073916738
    ],
    "dual_nokin": [
      0.9082412914188616,
      0.8912489379779099,
      0.8827527612574342,
      0.8521665250637214,
      0.864910790144435
    ],
    "single_kin": [
      0.8530161427357689,
      0.8292268479184367,
      0.8861512319456245,
      0.8598130841121495,
      0.8598130841121495
    ],
    "dual_kin": [
      0.8853016142735769,
      0.8827527612574342,
      0.8717077315208156,
      0.8521665250637214,
      0.8708581138487681
    ],
    "delta_nokin": [
      0.05012744265080715,
      0.08241291418861507,
      -0.005097706032285432,
      -0.014443500424808797,
      0.013593882752761188
    ],
    "delta_kin": [
      0.03228547153780803,
      0.05352591333899748,
      -0.014443500424808908,
      -0.007646559048428148,
      0.011045029736618583
    ]
  },
  "-6": {
    "single_nokin": [
      0.935429056924384,
      0.8946474086661003,
      0.9447748513169074,
      0.9320305862361937,
      0.9175870858113849
    ],
    "dual_nokin": [
      0.9473237043330501,
      0.9515717926932881,
      0.9447748513169074,
      0.9286321155480034,
      0.9396771452846219
    ],
    "single_kin": [
      0.9056924384027187,
      0.9209855564995751,
      0.9439252336448598,
      0.9388275276125744,
      0.9107901444350043
    ],
    "dual_kin": [
      0.9464740866610025,
      0.9498725573491928,
      0.9549702633814783,
      0.9337298215802888,
      0.9388275276125744
    ],
    "delta_nokin": [
      0.011894647408666081,
      0.0569243840271878,
      0.0,
      -0.003398470688190325,
      0.022090059473236945
    ],
    "delta_kin": [
      0.04078164825828379,
      0.028887000849617706,
      0.011045029736618472,
      -0.005097706032285543,
      0.028037383177570097
    ]
  },
  "-4": {
    "single_nokin": [
      0.9864061172472387,
      0.9592183517417162,
      0.9787595581988106,
      0.9711129991503823,
      0.9728122344944775
    ],
    "dual_nokin": [
      0.9872557349192863,
      0.9813084112149533,
      0.9830076465590484,
      0.9728122344944775,
      0.9787595581988106
    ],
    "single_kin": [
      0.9813084112149533,
      0.9711129991503823,
      0.9753610875106202,
      0.9770603228547153,
      0.973661852166525
    ],
    "dual_kin": [
      0.9906542056074766,
      0.983857264231096,
      0.9906542056074766,
      0.9770603228547153,
      0.9753610875106202
    ],
    "delta_nokin": [
      0.000849617672047609,
      0.022090059473237056,
      0.004248088360237823,
      0.001699235344095218,
      0.005947323704333041
    ],
    "delta_kin": [
      0.009345794392523366,
      0.01274426508071369,
      0.015293118096856406,
      0.0,
      0.001699235344095218
    ]
  },
  "-2": {
    "single_nokin": [
      0.9974511469838573,
      0.9881053525913339,
      0.9932030586236194,
      0.9923534409515717,
      0.9949022939677146
    ],
    "dual_nokin": [
      0.9957519116397621,
      0.9966015293118097,
      0.9932030586236194,
      0.9889549702633815,
      0.994052676295667
    ],
    "single_kin": [
      0.9966015293118097,
      0.9949022939677146,
      0.9906542056074766,
      0.9923534409515717,
      0.9923534409515717
    ],
    "dual_kin": [
      0.9957519116397621,
      0.9957519116397621,
      0.9957519116397621,
      0.9889549702633815,
      0.9915038232795242
    ],
    "delta_nokin": [
      -0.001699235344095218,
      0.008496176720475757,
      0.0,
      -0.003398470688190214,
      -0.000849617672047609
    ],
    "delta_kin": [
      -0.000849617672047609,
      0.0008496176720474979,
      0.005097706032285432,
      -0.003398470688190214,
      -0.0008496176720474979
    ]
  },
  "0": {
    "single_nokin": [
      0.9974511469838573,
      0.9949022939677146,
      0.9991503823279524,
      0.9957519116397621,
      1.0
    ],
    "dual_nokin": [
      1.0,
      0.9991503823279524,
      0.9983007646559049,
      0.9991503823279524,
      0.9974511469838573
    ],
    "single_kin": [
      0.9983007646559049,
      0.9974511469838573,
      0.9983007646559049,
      0.9966015293118097,
      1.0
    ],
    "dual_kin": [
      1.0,
      0.9991503823279524,
      1.0,
      0.9991503823279524,
      0.9983007646559049
    ],
    "delta_nokin": [
      0.002548853016142716,
      0.004248088360237823,
      -0.0008496176720474979,
      0.003398470688190325,
      -0.002548853016142716
    ],
    "delta_kin": [
      0.001699235344095107,
      0.001699235344095107,
      0.001699235344095107,
      0.002548853016142716,
      -0.001699235344095107
    ]
  }
}