{
  "mode": "cross",
  "config": "exp_xjtu_cross_dual_nokin",
  "lambda_kin": 0.0,
  "train_condition": "37.5Hz11kN",
  "test_condition": "40Hz10kN",
  "seeds": [
    0,
    1,
    2,
    3,
    4
  ],
  "macro_f1s": [
    0.8668442452354015,
    0.9929140226648658,
    0.9383255216743356,
    0.9837343388445594,
    0.9629931095619938
  ],
  "macro_recalls": [
    0.8388761467889908,
    0.9928430417661598,
    0.9211582568807339,
    0.9852671651795065,
    0.9518348623853211
  ],
  "mean_macro_f1": 0.9489622475962314,
  "std_macro_f1": 0.050483235333719845,
  "mean_macro_recall": 0.9379958946001423,
  "std_macro_recall": 0.06233484189021774
}