{
  "config": "config_nokin_snr0.yaml",
  "lambda_kin": 0.0,
  "noise_snr_db": 0.0,
  "seeds": [
    0,
    1,
    2,
    3,
    4
  ],
  "best_val_accs": [
    0.8919323282310968,
    0.8843365174358384,
    0.8920474162734492,
    0.891702152146392,
    0.889975831511106
  ],
  "mean_best_val_acc": 0.8899988491195765,
  "std_best_val_acc": 0.003274856484135385
}