{
  "config": "config_snr-6_nokin.yaml",
  "backbone": "mamba3",
  "lambda_kin": 0.0,
  "noise_snr_db": -6.0,
  "label_mode": "4class",
  "seeds": [
    0,
    1,
    2,
    3,
    4
  ],
  "best_val_accs": [
    0.935429056924384,
    0.8946474086661003,
    0.9447748513169074,
    0.9320305862361937,
    0.9175870858113849
  ],
  "mean_best_val_acc": 0.9248937977909941,
  "std_best_val_acc": 0.019528273212619837
}