{
  "config": "config_snr0_nokin.yaml",
  "backbone": "mamba3",
  "lambda_kin": 0.0,
  "noise_snr_db": 0.0,
  "label_mode": "10class",
  "seeds": [
    0,
    1,
    2,
    3,
    4
  ],
  "best_val_accs": [
    0.9906542056074766,
    0.9830076465590484,
    0.9864061172472387,
    0.9855564995751912,
    0.9855564995751912
  ],
  "mean_best_val_acc": 0.9862361937128293,
  "std_best_val_acc": 0.002779172002344296
}