{
  "config": "config_snr-5_kin.yaml",
  "lambda_kin": 0.01,
  "noise_snr_db": -5.0,
  "seeds": [
    0,
    1,
    2,
    3,
    4
  ],
  "best_val_accs": [
    0.9583687340696686,
    0.9498725573491928,
    0.9660152931180969,
    0.9762107051826678,
    0.9481733220050977
  ],
  "mean_best_val_acc": 0.9597281223449448,
  "std_best_val_acc": 0.011658661609457567
}