{
  "mode": "cross",
  "config": "exp_xjtu_cross_nokin",
  "lambda_kin": 0.0,
  "train_condition": "37.5Hz11kN",
  "test_condition": "40Hz10kN",
  "seeds": [
    0,
    1,
    2,
    3,
    4
  ],
  "macro_f1s": [
    0.7318675179231244,
    0.8121667633757368,
    0.7720563664200462,
    0.855069563044226,
    0.8731655338780901
  ],
  "macro_recalls": [
    0.7092889908256881,
    0.7825407921746053,
    0.744552752293578,
    0.8262614678899083,
    0.845756880733945
  ],
  "mean_macro_f1": 0.8088651489282448,
  "std_macro_f1": 0.05823188494415197,
  "mean_macro_recall": 0.781680176783545,
  "std_macro_recall": 0.05637593817035788
}