{
  "config": "tmpbx0k08tx.yaml",
  "backbone": "mamba3",
  "lambda_kin": 0.01,
  "noise_snr_db": -8.0,
  "label_mode": "4class",
  "seeds": [
    0,
    1,
    2,
    3,
    4
  ],
  "best_val_accs": [
    0.8853016142735769,
    0.8827527612574342,
    0.8717077315208156,
    0.8521665250637214,
    0.8708581138487681
  ],
  "mean_best_val_acc": 0.8725573491928632,
  "std_best_val_acc": 0.01309348768684998
}