{
  "config": "tmp633_8mu5.yaml",
  "backbone": "mamba3",
  "lambda_kin": 0.0,
  "noise_snr_db": -6.0,
  "label_mode": "4class",
  "seeds": [
    0,
    1,
    2,
    3,
    4
  ],
  "best_val_accs": [
    0.9473237043330501,
    0.9515717926932881,
    0.9447748513169074,
    0.9286321155480034,
    0.9396771452846219
  ],
  "mean_best_val_acc": 0.9423959218351742,
  "std_best_val_acc": 0.008817214147235094
}