{
  "config": "config_nokin.yaml",
  "lambda_kin": 0.0,
  "noise_snr_db": null,
  "seeds": [
    0,
    1,
    2,
    3,
    4
  ],
  "best_val_accs": [
    0.9567268960754978,
    0.9512026700425825,
    0.9585683047531361,
    0.9543100471860974,
    0.9699620209460237
  ],
  "mean_best_val_acc": 0.9581539878006675,
  "std_best_val_acc": 0.007154274842938147
}